Q No.,Key Pillar,Category,Question,1,2,3,4,5,Notes
1,Business Strategy,Investment Plan,How well-defined is the investment plan for AI implementation across the business?,There's limited focus on a formal investment plan. The emphasis is on understanding potential costs associated with AI (such as data preparation and tools).,"Development of a clear investment plan is underway. This plan estimates costs for data, infrastructure, personnel, tools, and ROI, and identifies funding sources.",There's a well-established investment plan in place. Monitoring and adjustments occur based on actual project costs and results.,The investment plan is continuously updated to reflect increased resource requirements as successful initiatives scale.,There's a continuous focus on maximizing the value delivered by AI. Investment plans are optimized for cost-effectiveness.,
2,Business Strategy,Use-Cases,"How far along is your organization in establishing approved, prioritized, and socialized use cases for AI?",There are no identified or documented AI use cases. There's limited focus on researching potential applications of AI that align with business objectives.,"Potential AI use cases have been identified through workshops or brainstorming. They are now being evaluated and prioritized based on factors like business impact, feasibility (data, technical expertise, and infrastructure), and potential benefits.",Approved use cases are under development or being deployed.,Successful AI initiatives are being scaled to a broader scope or across different departments.,Existing use cases are continuously monitored and evaluated for performance against established metrics.,
3,Business Strategy,Security,How effectively does the business strategy integrate security throughout the AI lifecycle?,Security is not a major consideration in the early stages of exploring AI use cases. There might be basic awareness but no formal policies or processes.,The organization recognizes the need for security in AI and is beginning to develop a plan. Security considerations might be included in high-level project proposals.,"A basic security policy for AI projects is established. Security considerations are included in some stages of the AI development lifecycle, but the process might not be fully integrated.","A documented security framework for AI is in place, and security is integrated into core development processes. Security training is provided for relevant personnel.","The organization has a mature security posture for AI. Security is a continuous focus, and best practices are consistently applied.",
4,Organization and Culture,Vision Communication,How effectively has company leadership communicated their vision and the importance of AI for the future of the business?,No clear communication: Leadership has not communicated about AI. The focus is on understanding AI's potential impact.,Acknowledgement without vision: Leadership acknowledges AI's potential but hasn't communicated a clear vision.,"Initial communication and initiatives: Leadership has communicated a vision for AI, and initial AI initiatives are underway.","Strong advocacy and understanding: Leadership strongly advocates for AI, and there's a company-wide understanding of its importance.",Cultivation of AI-driven culture: Leadership actively cultivates an AI-driven culture of innovation and continuous learning.,
5,Organization and Culture,AI Skilling,How readily available are the AI skilling and credentialing resources needed to execute on AI initiatives for the customer?,No formal program: No formal program for developing AI skills. The focus is on identifying needed skills.,Recognition and planning: The organization recognizes the need for AI skills development and is planning to make resources available.,Initial skilling programs: Initial AI skilling programs are being offered to employees.,"Comprehensive program: A comprehensive AI skills development program is in place, supporting a mature AI workforce.","Culture of continuous learning: There's a culture of continuous learning focused on AI, actively fostering and promoting AI expertise.",
6,Organization and Culture,Decision Agility,How agile are the company's decision-making processes to take advantage of fast-moving advances in AI?,No formal process: No formal process for evaluating and adopting new AI advancements. The focus is on understanding AI's potential.,Recognition and planning: The organization recognizes the need for agility and is planning to establish agile decision-making processes.,"Initial agile processes: Initial agile decision-making processes are in place, with proof-of-concept projects.","Well-established agility: Agile decision-making is well established, supporting quick adaptation to new AI advancements.","Leadership in AI adoption: The organization is a leader in adopting cutting-edge AI advancements, with agile decision-making as a core strength.",
7,Organization and Culture,AI Expertise,What is the level of expertise available to contribute to AI projects?,No dedicated team: No dedicated AI team or expertise. The focus is on identifying needed skillsets.,Recognition and planning: The organization recognizes the need for AI expertise and is planning to make experts available.,"Initial access to expertise: Initial access to AI expertise has been established, with experts contributing to projects.",Well-established AI team: A well-established AI team with diverse expertise supports a mature AI development pipeline.,"Deep pool of expertise: The organization has a deep pool of AI expertise, attracting top talent, with a dedicated Ai officer on staff. ",
8,Organization and Culture,Security Culture,"How deeply has a security-first culture been instilled into all aspects of the organization (operations, employee training, product development, and leadership commitment)?","Low security awareness: Security awareness is generally low, and security is not a primary focus.",Recognition and basic policies: The organization recognizes the need for a security-first culture but lacks a concrete plan. Basic policies might exist.,"Established training programs: Security awareness training programs are established, with partial integration into operations and development.","Strong security culture: Security is a core value integrated into daily operations, training, and development. Leadership demonstrates commitment.","Ingrained security culture: Security is ingrained in all aspects of the organization, with consistent security consciousness and unwavering leadership commitment.",
9,AI Strategy and Experience,Identifying AI Models for Use Cases,How readily can your organization identify the AI models best suited for the respective AI use cases?,There's no formal process for selecting AI models. The focus is on understanding basic AI concepts and their potential applications for achieving business objectives.,"Potential AI use cases have been identified. The focus is on selecting the most appropriate model for each use case based on factors like data availability and characteristics, as well as desired model outcomes.","Pilot testing of chosen AI models is underway, or initial model deployment has begun.",Successful AI models are deployed and delivering value. There's a continuous process for evaluating and potentially upgrading models based on real-world data and user feedback.,A well-defined process for model selection and improvement is in place. The organization actively seeks opportunities to use cutting-edge AI models for continuous value creation.,
10,AI Strategy and Experience,Workflows for AI Development and Deployment,"At what level are there workflows in place to create a standard, repeatable process for the development and deployment of AI solutions?",No defined AI workflows exist.,The organization recognizes the need for standardized processes. A high-level development workflow for AI solutions is being defined.,Initial development and deployment processes are being implemented and tested through pilot projects.,A well-defined and standardized development process is in place and supporting the successful deployment of AI solutions across the organization.,"The development and deployment process is highly , efficient, and adaptable to evolving AI needs. The organization is actively seeking opportunities to use MLOps practices for continuous improvement.",
11,AI Strategy and Experience,Skills and Experiences in AI Projects,How diverse are the roles and experiences of people involved in AI projects?,There is no dedicated team for AI projects. The organization is in the early stages of identifying the skills and experience required for AI development and deployment.,The organization recognizes the need for skilled AI practitioners. A plan is being developed to build a team with foundational AI capabilities and relevant experience.,"An initial AI team is in place with some relevant skills and experience. The team is actively working on AI projects, though capabilities may still be developing.",A well-established AI team with strong technical skills and practical experience is leading AI initiatives across the organization.,"The organization has a highly skilled, experienced, and continuously learning AI team that drives innovation and supports AI adoption across business functions.",
12,AI Strategy and Experience,Alignment of AI Strategy with Security and Threat Intelligence,How aligned is the AI strategy with security and threat intelligence?,There's no dedicated team or strategy for AI projects. The focus is on identifying potential skillsets needed for AI security strategy development and deployment.,The organization recognizes the potential of AI for security and threat intelligence. High-level plans might exist to explore AI-powered security solutions.,A basic AI strategy for security and threat intelligence is established. Pilot projects might be underway to test the effectiveness of AI solutions in specific security areas.,A mature AI strategy for security and threat intelligence is in place. Multiple AI-powered security solutions are successfully deployed and integrated with the existing security infrastructure.,"The organization demonstrates a best-in-class approach to AI-powered security and threat intelligence. AI is fully integrated into the overall security strategy, delivering significant improvements in threat detection and prevention.",
13,Data Foundations,Dedicated Cloud Infrastructure for AI Workloads,"How robust is the customer's dedicated cloud infrastructure for running large AI workloads, making advancements in machine learning (ML) and analytic and generative AI (GenAI), and performing reliably at scale?",Your organization has no dedicated cloud infrastructure for AI. Efforts are focused on understanding the computational requirements of AI projects and aligning them with existing IT resources.,"Your organization has a basic plan for dedicated cloud infrastructure, but it lacks full structure. The plan considers aspects like processing power, storage capacity, and security for AI workloads, but comprehensive implementation is not yet established.","Your organization has deployed a dedicated cloud infrastructure that supports initial AI workloads. While structured, the infrastructure lacks scalability and efficiency.","Your organization has a scalable cloud infrastructure in place, effectively supporting AI initiatives with growing processing demands and data volume. However, there are opportunities for further optimization.","Your organization has a well- cloud infrastructure seamlessly integrated with AI initiatives. The infrastructure delivers optimal performance at scale, with continuous improvements ensuring high efficiency and effectiveness.",
14,Data Foundations,Data Governance,"How effective is your organization’s data governance in ensuring data quality, security, accessibility, and compliance? Consider processes for data validation, policies for data management, measures for data protection, and roles and responsibilities for maintaining data governance.",Your organization has no data governance in place. Data management practices are unstructured and lack formal oversight.,"Your organization has basic data governance, but it lacks structure. Initial efforts are made, but comprehensive policies are not yet established.","Your organization has structured data governance, though it lacks automation. Processes are in place, but efficiency and scalability are limited.","Your organization has automated data governance, but it lacks optimization. Systems are in place, yet there are opportunities for refining and improving governance practices.","Your organization has fully automated and  data governance. Data management practices are well-integrated, efficient, and continuously improving.",
15,Data Foundations,Data Ingestion,"How is data ingested into your data platform? Consider the diversity of data sources, handling of various data formats, efficiency with large volumes and high velocities, data quality assurance, scalability, and the extent of process automation.","Your organization has no formal data ingestion processes. Data is ingested manually, leading to inconsistency and delays.","Your organization has basic data ingestion processes, but they lack structure. Initial automation efforts are in place, but many steps remain manual.","Your organization has structured data ingestion processes, though they lack full automation. Data is ingested from multiple sources, but efficiency and scalability are limited.","Your organization has automated data ingestion processes, but they lack optimization. Systems are in place to handle large volumes of data, yet there are opportunities for refining and improving ingestion practices.","Your organization has fully automated and  data ingestion processes. Data is ingested efficiently from diverse sources with minimal manual intervention, ensuring high quality and scalability.",
16,Data Foundations,Data Discovery,"How effectively is data discovered and cataloged in your organization? Consider the comprehensiveness of the data inventory, metadata management, search and discovery tools, data classification, data lineage tracking, and user accessibility.",Your organization has no formal processes for data discovery and cataloging. Data assets are scattered and poorly documented.,"Your organization has basic data discovery and cataloging processes, but they lack structure. Some data is cataloged, but many assets remain undocumented.","Your organization has structured data discovery and cataloging processes, though they lack full automation. A significant portion of data is cataloged, but improvements are needed for better metadata management and search capabilities.","Your organization has automated data discovery and cataloging processes, but they lack optimization. Systems are in place to manage and discover data effectively, yet there are opportunities for refining and enhancing these practices.","Your organization has fully automated and  data discovery and cataloging processes. Data assets are comprehensively documented, easily discoverable, and metadata is well-managed and up-to-date.",
17,Data Foundations,Data Access,"How effectively is data accessed and managed in your organization? Consider access controls, data security protocols, data governance policies, user accessibility, data integration, and the effectiveness of data management tools.","Your organization has no formal processes for data access and management. Data access is ad-hoc, and there are significant issues with data security and governance.","Your organization has basic processes for data access and management, but they lack structure. Initial efforts are in place, but comprehensive policies are not yet established.","Your organization has structured processes for data access and management, though they lack full automation. Data is accessible to authorized users, but efficiency and scalability are limited.","Your organization has automated data access and management processes, but they lack optimization. Systems are in place to manage data effectively, yet there are opportunities for refining and improving these practices.","Your organization has fully automated and  data access and management processes. Data is securely managed and easily accessible to authorized users, with robust governance and integration practices.",
18,Data Foundations,Data Engineering,"How effectively is data engineering implemented in your organization? Consider data pipeline efficiency, scalability, data quality, automation, monitoring, integration, and security.","Data engineering processes are ad-hoc or inconsistently implemented, leading to inefficiencies and data quality issues.","Basic data engineering practices are in place, but scalability and automation are limited.","Structured data engineering processes exist, though there is room for improvement in automation and scalability.",Automated data engineering processes are implemented with effective scalability and robust monitoring.,"Fully automated and  data engineering processes ensure high efficiency, scalability, and data quality, with proactive maintenance and compliance measures.",
19,Data Foundations,Data Labeling,"How effectively is data labeled and categorized in your organization? Consider consistency, accuracy, relevance, automation, integration, user accessibility, and feedback mechanisms.","Data labeling and categorization are ad-hoc or inconsistently applied, leading to confusion and inefficiencies.","Basic standards exist, but there are inconsistencies and inaccuracies in data labeling and categorization.","Data labeling and categorization are mostly consistent and accurate, but manual processes limit scalability.","Automated tools ensure consistent and accurate data labeling and categorization, enhancing efficiency and integration.","Fully automated and  processes with AI-driven insights and continuous improvement mechanisms ensure data labels and categories are highly accurate, relevant, and accessible.",
20,Data Foundations,Data Privacy,"How effectively is data privacy managed and enforced in your organization? Consider data privacy policies, data minimization and retention, access controls, data encryption, compliance, and training initiatives.","Data privacy policies are inconsistent, leading to compliance gaps and security risks. Access controls and encryption are basic, with limited automation and infrequent audits.","Policies are documented but inconsistently applied. Access controls and encryption are improving, but manual processes and sporadic audits hinder compliance.",Clear policies are well-communicated. Automated access controls and comprehensive encryption cover sensitive data. Regular audits ensure compliance and prompt remediation.,Automated policies and proactive compliance management are in place. AI-driven access controls and encryption adapt to threats. Integrated audits ensure continuous improvement.,"Fully automated, AI-driven policies ensure predictive compliance and proactive security. Advanced access controls and encryption are continuously optimized with real-time audits and immediate remediation.",
21,Data Foundations,Data Policy & Tagging,"How effectively are data policies and tagging strategies implemented in your organization? Consider policy definition, tagging standards, automation, access control, compliance, searchability, governance, and monitoring.","Data policies and tagging are poorly defined and inconsistent. Minimal automation, basic access controls, overlooked compliance, limited searchability, and sporadic governance and monitoring.","Policies are documented but inconsistently enforced. Emerging tagging standards with some automation. Improving access controls, ad-hoc compliance, better searchability, and more regular monitoring.","Clear policies and tagging standards, well-communicated. Automated tags and access controls, regular compliance reviews, easily searchable data, defined governance roles, and established monitoring processes.","Automated and consistent policies and tagging. Robust, automated access controls, proactive compliance, efficient searchability, integrated governance, and continuous monitoring.","Fully automated, AI-driven policies and tagging. Dynamic access controls, predictive compliance, real-time monitoring, immediate remediation, and deeply embedded governance with advanced tools.",
22,Data Foundations,Unstructured Data Retrieval,"How effectively is unstructured data retrieved and preprocessed in your organization? Consider data source integration, retrieval methods, search capabilities, preprocessing tools, scalability, data quality management, metadata enrichment, and automation.","Poorly identified and integrated data sources. Inefficient retrieval, limited search, basic pre-processing, ad-hoc quality management, rare metadata enrichment, minimal automation.","Better identified and partially integrated data sources. Improving retrieval, developing search, advanced pre-processing, emerging quality management, more common metadata enrichment, some automation.","Unstructured data sources are well-identified and integrated. Retrieval is efficient, search capabilities are robust, pre-processing tools are effective and scalable, data quality management is systematic, metadata enrichment is standard practice, and automation is widely implemented.","Comprehensively integrated data sources. Highly efficient retrieval, advanced search, sophisticated and scalable pre-processing, proactive quality management, thorough metadata enrichment, extensive automation.","Seamlessly integrated data sources. Optimized retrieval, cutting-edge search, state-of-the-art and scalable pre-processing, predictive quality management, continuous metadata enrichment, pervasive automation.",
23,Data Foundations,Structured Data Feeds,"How effectively are structured data feeds and streams managed in your organization? Consider integration, timeliness, scalability, quality assurance, monitoring, transformation, security, and compliance.","Minimal and inconsistent data feed integration. Poor timeliness with delays, limited scalability, ad-hoc quality assurance, sporadic monitoring, basic data transformation, rudimentary security, and overlooked compliance.","Better integration but inconsistent. Improving timeliness, addressing scalability, emerging quality assurance, more regular monitoring, sophisticated data transformation, improving security, and structured compliance efforts.","Well-integrated data feeds. Good timeliness with near real-time processing, adequate scalability, systematic quality assurance, consistent monitoring, effective data transformation, robust security, and regular compliance reviews.","Seamlessly integrated data feeds. Excellent timeliness with real-time processing, high scalability, proactive quality assurance, comprehensive monitoring, highly effective data transformation, advanced security, and proactive compliance management.","Fully integrated and optimized data feeds. Near-instantaneous timeliness with real-time processing, virtually unlimited scalability, predictive quality assurance, continuous and automated monitoring, state-of-the-art data transformation, cutting-edge security, and seamless compliance integration.",
24,Data Foundations,Real-time Data Processing,"How effectively is real-time data processing managed in your organization? Consider data ingestion, stream processing, low latency, scalability, visualization, security, and compliance.","Inconsistent, manual data ingestion. Basic stream processing with high latency. Limited scalability, rudimentary visualization tools, minimal security, and neglected compliance.","Improving data ingestion with some automation. More efficient stream processing, but latency issues persist. Addressing scalability, better visualization tools, improving security, and structured compliance efforts.","Automated, reliable data ingestion. Efficient stream processing with low latency. Adequate scalability, effective visualization tools, robust security, and regular compliance reviews.","Highly automated, optimized data ingestion. Near real-time stream processing with minimal latency. High scalability, advanced visualization tools, comprehensive security, and proactive compliance management.","Fully automated, seamless data ingestion. Real-time stream processing with negligible latency. Virtually unlimited scalability, cutting-edge visualization tools, state-of-the-art trends in security, and seamless compliance integration.",
25,Data Foundations,Data Quality Management,"How effectively is data quality managed in your organization? Consider policies, validation, cleansing, lineage, monitoring, ownership, tools, and training.","Undefined or poorly communicated policies, ad-hoc validation and cleansing, minimal lineage tracking, sporadic monitoring, unclear ownership, basic tools, and limited or non-existent training.","Documented but inconsistently enforced policies, improving validation and cleansing, some lineage tracking, more regular monitoring, emerging ownership roles, more sophisticated tools, and starting training initiatives.","Clear, well-communicated policies, systematic validation and cleansing, comprehensive lineage tracking, consistent monitoring, clearly defined ownership roles, effective tools, and regular training.","Automated and consistently applied policies, advanced validation and cleansing, detailed lineage tracking, proactive monitoring, well-established ownership, highly effective tools, and continuous training programs.","Fully automated and integrated policies, predictive validation and cleansing, real-time lineage tracking, continuous and automated monitoring, deeply embedded ownership, state-of-the-art tools, and ongoing adaptive training.",
26,Data Foundations,Data Integration,"How effectively is data integration managed in your organization? Consider integration strategy, data sources, tools and platforms, real-time capabilities, data quality, scalability, error handling, and lineage and traceability.","Undefined strategy, poorly integrated data sources, basic tools and platforms, limited real-time capabilities, inconsistent data quality, minimal scalability, ad-hoc error handling, and lacking lineage and traceability.","Developing strategy, better integration of data sources, improving tools and platforms, some real-time capabilities, addressing data quality, increasing scalability, emerging error handling processes, and implementing lineage and traceability.","Clear strategy aligned with business goals, well-integrated data sources, effective tools and platforms, robust real-time capabilities, consistently managed data quality, scalability meeting current needs, systematic error handling, and comprehensive lineage and traceability.","Proactive strategy fully aligned with business objectives, seamlessly integrated data sources, advanced tools and platforms, highly efficient real-time capabilities, proactively managed data quality, high scalability, automated error handling, and detailed and accessible lineage and traceability.","Fully optimized and predictive strategy, seamlessly and dynamically integrated data sources, state-of-the-art tools and platforms, near-instantaneous real-time capabilities, data quality managed with predictive analytics, virtually unlimited scalability, fully automated error handling, and continuously updated and easily accessible lineage and traceability.",
27,Data Foundations,Metadata Management,"How effectively is metadata management handled in your organization? Consider metadata strategy, tools and platforms, standards, automation, lineage, accessibility, governance, and quality assurance.","Undefined strategy, basic tools and platforms, inconsistent standards, minimal automation, poor lineage tracking, limited accessibility, unclear governance roles, and ad-hoc quality assurance.","Developing strategy, better tools and platforms, emerging standards, some automation, improving lineage tracking, increasing accessibility, defining governance roles, and emerging quality assurance practices.","Clear, well-communicated strategy, effective tools and platforms, consistently applied standards, widespread automation, comprehensive lineage tracking, good accessibility, clearly defined governance roles, and systematic quality assurance.","Proactive strategy fully aligned with business objectives, advanced tools and platforms, rigorously applied standards, extensive automation, detailed and accessible lineage tracking, easily accessible metadata, integrated governance, and proactive quality assurance.","Fully optimized and predictive strategy, state-of-the-art tools and platforms, dynamically applied standards, pervasive automation, continuously updated and easily accessible lineage tracking, highly accessible metadata, deeply embedded governance, and continuous adaptive quality assurance.",
28,Data Foundations,Data Representativeness,How representative is the customer's data against relevant target customers and business objectives?,Your organization has no formal process for assessing data representativeness. Efforts are focused on identifying potential data sources relevant to target customers and business objectives.,"Your organization has developed a basic data access plan considering data representativeness, but it lacks full structure. The plan outlines strategies for acquiring data that reflects the target audience and aligns with business goals.","Your organization is actively collecting and integrating data based on the data access plan. The representativeness of the data is being monitored, but processes are not yet fully optimized.","Your organization has successfully deployed AI models, and data representativeness is actively monitored and maintained. However, there are opportunities for further optimization.","Your organization has a well-established process for ensuring data representativeness throughout the AI lifecycle. Data quality and relevance are continuously monitored and optimized, ensuring high accuracy and effectiveness.",
29,Data Foundations,Data Safeguards,How strong are the data safeguards to protect the digital assets and critical infrastructure that underpin the organization's AI initiatives?,Your organization has limited awareness of data security best practices. There are no formal data safeguarding processes in place for AI initiatives.,"Your organization recognizes the need for data safeguards for AI and is starting to develop a plan. Basic data security policies might exist, but they are not specifically tailored for AI initiatives.","Your organization has established a data security strategy for AI. Essential data security controls are implemented for AI projects, but there are opportunities for further refinement.","Your organization has a mature data security framework in place for AI initiatives. Data security controls are consistently applied throughout the AI lifecycle, though there may be opportunities for further optimization.","Your organization has a strong data security posture for AI. Data security is continuously monitored and improved upon, ensuring robust protection and compliance.",
30,AI Governance and Security,TEI Controls,"How effective are the controls that are in place to ensure the transparency, explainability, and interpretability (TEI) of AI tools and results?",There are no formal controls in place to ensure TEI in AI initiatives. The focus is on understanding the importance of TEI for responsible AI development.,Your organization recognizes the need for TEI in AI initiatives. A plan is being developed to implement basic TEI controls.,"Initial TEI controls are in place. AI models have been documented, and basic explanations for outputs have been provided.","Well-established TEI controls have been implemented. AI models are demonstrably transparent, explainable, and interpretable.","Your organization is a leader in TEI practices for AI development. TEI is a core principle that fosters trust, transparency, and responsible AI innovation.",
31,AI Governance and Security,Data Sharing,How comprehensive are the security and compliance considerations that are in place for sharing AI-generated data with third parties?,There are no formal controls in place to govern the sharing of AI-generated data with third parties. The focus is on understanding the potential risks associated with data sharing.,The organization recognizes the need for controls governing third-party sharing of AI-generated data. A plan is being developed to implement basic controls.,"Initial controls are in place to govern the sharing of AI-generated data. Data sharing agreements have been established, and basic security measures have been implemented.",A well-established data governance framework is in place. Data sharing practices are consistent and secure across the organization.,The organization is a leader in secure and compliant AI data sharing practices. The data governance framework is a core strength that fosters trust and transparency with third parties.,
32,AI Governance and Security,User Communication,"At what level are systems and processes in place to inform users of applicable use cases of the AI model or tool, expected performance metrics, and limitations?",There are no formal processes to inform users about AI models or tools. The focus is on understanding the importance of user transparency in responsible AI development.,The organization recognizes the need for user communication about AI models. A plan is being developed to implement basic communication practices.,Initial communication processes are in place. Users receive basic information about AI models through documentation and disclaimers.,Well-established communication plans are in place. Users are actively engaged through various channels and have opportunities to provide feedback.,"The organization is a leader in user-centric AI development. Communication is a core strength that fosters trust, transparency, and continuous improvement of AI models.",
33,AI Governance and Security,AI Governance,How well is AI usage being governed to comply with regulatory policies and responsible AI principles?,There's limited awareness of existing and emerging AI regulations and responsible AI principles. No formal governance structure or processes are in place to ensure compliance.,"Your organization recognizes the need for AI governance and compliance. High-level plans might exist to establish a governance framework, but details are lacking.","A basic AI governance framework exists, outlining key compliance considerations and responsible AI principles. Basic processes are established to monitor and manage AI projects from a governance perspective.",A mature AI governance framework is in place with well-defined processes for compliance and responsible AI implementation. Regular audits and assessments are conducted to ensure adherence to established policies.,"Your organization demonstrates a best-in-class approach to AI governance. The AI governance framework is recognized as a competitive advantage, promoting trust and ethical development in AI solutions.",
34,AI Governance and Security,AI Security,"How effectively is AI security managed in your organization, considering threat detection, vulnerability management, data protection, compliance, monitoring, and continuous improvement?","Your organization lacks a formal AI security strategy. Efforts are managed informally, leading to inconsistent threat detection and vulnerability management.","Basic AI security practices are in place, but improvements are needed in threat detection, vulnerability management, and data protection. Initial compliance and monitoring efforts show promise but lack full structure.","A defined strategy for AI security exists, with reasonable threat detection, vulnerability management, and data protection practices. Compliance, monitoring, and continuous improvement are managed with reasonable effectiveness, but there are opportunities for improvement.","AI security is well-structured, with strong threat detection, vulnerability management, and data protection practices. Effective compliance, monitoring, and continuous improvement processes are in place, though there may be opportunities for further optimization.","AI security is fully optimized, with robust threat detection, automated vulnerability management, and comprehensive data protection. Compliance, monitoring, and continuous improvement processes are managed rigorously and efficiently, ensuring high accuracy and effectiveness.",
35,AI Governance and Security,Regulatory Compliance,"How effectively is regulatory compliance managed in your organization, considering policy adherence, risk assessment, monitoring, reporting, training, and continuous improvement?","Your organization lacks a formal regulatory compliance strategy. Efforts are managed informally, leading to inconsistent policy adherence and risk assessment.","Basic regulatory compliance practices are in place, but improvements are needed in policy adherence, risk assessment, and monitoring. Initial reporting and training efforts show promise but lack full structure.","A defined strategy for regulatory compliance exists, with reasonable policy adherence, risk assessment, and monitoring practices. Reporting, training, and continuous improvement are managed with reasonable effectiveness, but there are opportunities for improvement.","Regulatory compliance is well-structured, with strong policy adherence, risk assessment, and monitoring practices. Effective reporting, training, and continuous improvement processes are in place, though there may be opportunities for further optimization.","Regulatory compliance is fully optimized, with robust policy adherence, automated risk assessment, and comprehensive monitoring. Reporting, training, and continuous improvement processes are managed rigorously and efficiently, ensuring high accuracy and effectiveness.",
36,AI Governance and Security,Human-Centred Design,"How effectively is human-centered design implemented in your organization, considering user research, design thinking, prototyping, user testing, feedback integration, and continuous improvement?","Your organization lacks a formal human-centred design strategy. Efforts are managed informally, leading to inconsistent user research and design thinking practices.","Basic human-centred design practices are in place, but improvements are needed in user research, design thinking, and prototyping. Initial user testing and feedback integration efforts show promise but lack full structure.","A defined strategy for human-centred design exists, with reasonable user research, design thinking, and prototyping practices. User testing, feedback integration, and continuous improvement are managed with reasonable effectiveness, but there are opportunities for improvement.","Human-centred design is well-structured, with strong user research, design thinking, and prototyping practices. Effective user testing, feedback integration, and continuous improvement processes are in place, though there may be opportunities for further optimization.","Human-centred design is fully optimized, with robust user research, design thinking, and prototyping practices. Advanced user testing, feedback integration, and continuous improvement processes ensure high efficiency and continuous refinement.",
37,AI Governance and Security,AI Ethics,"How effectively are AI ethics and governance managed in your organization, considering ethical guidelines, policy enforcement, transparency, accountability, risk assessment, and continuous improvement?","Your organization lacks a formal AI ethics and governance strategy. Efforts are managed informally, leading to inconsistent ethical guidelines and policy enforcement.","Basic AI ethics and governance practices are in place, but improvements are needed in ethical guidelines, policy enforcement, and transparency. Initial accountability and risk assessment efforts show promise but lack full structure.","A defined strategy for AI ethics and governance exists, with reasonable ethical guidelines, policy enforcement, and transparency practices. Accountability, risk assessment, and continuous improvement are managed with reasonable effectiveness, but there are opportunities for improvement.","AI ethics and governance are well-structured, with strong ethical guidelines, policy enforcement, and transparency practices. Effective accountability, risk assessment, and continuous improvement processes are in place, though there may be opportunities for further optimization.","AI ethics and governance are fully optimized, with robust ethical guidelines, automated policy enforcement, and comprehensive transparency. Accountability, risk assessment, and continuous improvement processes are managed rigorously and efficiently, ensuring high accuracy and effectiveness.",
38,AI Governance and Security,AI Training and Education,"How effectively are AI training and education managed in your organization, considering curriculum development, training delivery, skill assessment, continuous learning, resource availability, and feedback integration?","Your organization lacks a formal AI training and education strategy. Efforts are managed informally, leading to inconsistent curriculum development and training delivery.","Basic AI training and education practices are in place, but improvements are needed in curriculum development, training delivery, and skill assessment. Initial continuous learning and resource availability efforts show promise but lack full structure.","A defined strategy for AI training and education exists, with reasonable curriculum development, training delivery, and skill assessment practices. Continuous learning, resource availability, and feedback integration are managed with reasonable effectiveness, but there are opportunities for improvement.","AI training and education are well-structured, with strong curriculum development, training delivery, and skill assessment practices. Effective continuous learning, resource availability, and feedback integration processes are in place, though there may be opportunities for further optimization.","AI training and education are fully optimized, with robust curriculum development, automated training delivery, and comprehensive skill assessment. Continuous learning, resource availability, and feedback integration processes are managed rigorously and efficiently, ensuring high accuracy and effectiveness.",
39,Infrastructure for AI ,PTU Provisioning,"How effectively is PTU provisioning managed in your organization, considering resource allocation, automation, monitoring, and scalability?","Your organization lacks a formal PTU provisioning strategy. Provisioning efforts are managed informally, leading to inconsistent resource allocation and potential inefficiencies.","Basic PTU provisioning practices are in place, but improvements are needed in resource allocation and automation. Initial efforts show promise but lack full structure.","A defined strategy for PTU provisioning exists, with reasonable resource allocation and automation practices. Provisioning processes are managed with reasonable effectiveness, but there are opportunities for improvement in monitoring and scalability.","PTU provisioning is well-structured, with strong resource allocation and automation practices. Effective monitoring and scalability processes are in place, though there may be opportunities for further optimization.","PTU provisioning is fully optimized, with robust resource allocation, automated processes, and comprehensive monitoring. Provisioning processes are managed rigorously and efficiently, with excellent scalability and continuous improvement.",
40,Infrastructure for AI ,PAYGO,"How effectively is PAYGO managed in your organization, considering resource allocation, cost management, monitoring, and scalability?","Your organization lacks a formal PAYGO management strategy. PAYGO efforts are managed informally, leading to inconsistent resource allocation and potential cost inefficiencies.","Basic PAYGO management practices are in place, but improvements are needed in resource allocation and cost management. Initial efforts show promise but lack full structure.","A defined strategy for PAYGO management exists, with reasonable resource allocation and cost management practices. PAYGO processes are managed with reasonable effectiveness, but there are opportunities for improvement in monitoring and scalability.","PAYGO management is well-structured, with strong resource allocation and cost management practices. Effective monitoring and scalability processes are in place, though there may be opportunities for further optimization.","PAYGO management is fully optimized, with robust resource allocation, automated cost management, and comprehensive monitoring. PAYGO processes are managed rigorously and efficiently, with excellent scalability and continuous improvement.",
41,Infrastructure for AI ,Logging and Alerting,"How effectively are logging and alerting managed in your organization, considering log collection, analysis, alert configuration, monitoring, and response?","Your organization lacks a formal logging and alerting strategy. Efforts are managed informally, leading to inconsistent log collection and alert configuration.","Basic logging and alerting practices are in place, but improvements are needed in log analysis and alert configuration. Initial monitoring and response efforts show promise but lack full structure.","A defined strategy for logging and alerting exists, with reasonable log collection, analysis, and alert configuration practices. Monitoring and response processes are managed with reasonable effectiveness, but there are opportunities for improvement.","Logging and alerting are well-structured, with strong log collection, analysis, and alert configuration practices. Effective monitoring and response processes are in place, though there may be opportunities for further optimization.","Logging and alerting are fully optimized, with robust log collection, automated analysis, and comprehensive alert configuration. Monitoring and response processes are managed rigorously and efficiently, with continuous improvement.",
42,Infrastructure for AI ,Deployment Management,"How effectively is deployment management handled in your organization, considering deployment strategy, automation, monitoring, rollback, and documentation?","Your organization lacks a formal deployment management strategy. Deployment efforts are managed informally, leading to inconsistent strategy and automation.","Basic deployment management practices are in place, but improvements are needed in strategy, automation, and monitoring. Initial rollback and documentation efforts show promise but lack full structure.","A defined strategy for deployment management exists, with reasonable automation and monitoring practices. Rollback and documentation processes are managed with reasonable effectiveness, but there are opportunities for improvement.","Deployment management is well-structured, with strong strategy, automation, and monitoring practices. Effective rollback and documentation processes are in place, though there may be opportunities for further optimization.","Deployment management is fully optimized, with robust strategy, automation, and monitoring practices. Advanced rollback and documentation processes ensure high efficiency and continuous improvement.",
43,Infrastructure for AI ,Abuse Prevention,"How effectively is AI abuse prevention managed in your organization, considering detection mechanisms, response strategies, user education, policy enforcement, and continuous improvement?","Your organization lacks a formal AI abuse prevention strategy. Efforts are managed informally, leading to inconsistent detection and response mechanisms.","Basic AI abuse prevention practices are in place, but improvements are needed in detection mechanisms and response strategies. Initial user education and policy enforcement efforts show promise but lack full structure.","A defined strategy for AI abuse prevention exists, with reasonable detection mechanisms and response strategies. User education and policy enforcement are managed with reasonable effectiveness, but there are opportunities for improvement.","AI abuse prevention is well-structured, with strong detection mechanisms and response strategies. Effective user education and policy enforcement processes are in place, though there may be opportunities for further optimization.","AI abuse prevention is fully optimized, with robust detection mechanisms, automated response strategies, and comprehensive user education. Policy enforcement processes are managed rigorously and efficiently, with continuous improvement.",
44,Infrastructure for AI ,Bias Detection and Mitigation,"How effectively is bias detection and mitigation managed in your organization using Azure OpenAI, considering aspects such as identifying potential biases, implementing strategies to reduce biases, ensuring fairness and ethical AI practices, and continuously monitoring for bias throughout the model lifecycle?","Your organization lacks a formal bias detection and mitigation strategy using Azure OpenAI. Bias detection is managed informally, leading to inconsistent identification and potential biases.","Your organization has basic bias detection practices using Azure OpenAI but lacks full structure and automation. Initial efforts are in place, but improvements are needed in bias identification, data quality, and model evaluation.","Your organization has a defined strategy for bias detection and mitigation using Azure OpenAI with some measures for bias identification, data quality, and model evaluation. Bias detection is managed with reasonable effectiveness, but there are opportunities for improvement in monitoring and compliance.","Your organization has a well-defined and structured bias detection strategy using Azure OpenAI with effective bias identification, data quality, and model evaluation. Systems are managed effectively, but there may be room for optimization in tools and mitigation strategies.","Your organization has fully optimized bias detection and mitigation processes using Azure OpenAI with robust bias identification, automated data quality checks, and comprehensive model evaluation. Bias detection is managed rigorously and efficiently, with excellent documentation and compliance practices.",
45,Infrastructure for AI ,Tenancy Model,"How effectively is the tenancy model for AI managed in your organization, considering tenant isolation, resource allocation, security, scalability, monitoring, and compliance?","Your organization lacks a formal tenancy model for AI. Efforts are managed informally, leading to inconsistent tenant isolation and resource allocation.","Basic tenancy model practices are in place, but improvements are needed in tenant isolation, resource allocation, and security. Initial scalability and monitoring efforts show promise but lack full structure.","A defined strategy for the tenancy model exists, with reasonable tenant isolation, resource allocation, and security practices. Scalability, monitoring, and compliance are managed with reasonable effectiveness, but there are opportunities for improvement.","The tenancy model is well-structured, with strong tenant isolation, resource allocation, and security practices. Effective scalability, monitoring, and compliance processes are in place, though there may be opportunities for further optimization.","The tenancy model is fully optimized, with robust tenant isolation, automated resource allocation, and comprehensive security. Scalability, monitoring, and compliance processes are managed rigorously and efficiently, with continuous improvement.",
46,Infrastructure for AI ,Rate Limiting,"How effectively is rate limiting managed in your organization's LLM (Large Language Model) usage, considering request handling, resource allocation, performance monitoring, scalability, and compliance?","Your organization lacks a formal rate limiting strategy for LLM usage. Efforts are managed informally, leading to inconsistent request handling and resource allocation.","Basic rate limiting practices are in place, but improvements are needed in request handling, resource allocation, and performance monitoring. Initial scalability and compliance efforts show promise but lack full structure.","A defined strategy for rate limiting exists, with reasonable request handling, resource allocation, and performance monitoring practices. Scalability and compliance are managed with reasonable effectiveness, but there are opportunities for improvement.","Rate limiting is well-structured, with strong request handling, resource allocation, and performance monitoring practices. Effective scalability and compliance processes are in place, though there may be opportunities for further optimization.","Rate limiting is fully optimized, with robust request handling, automated resource allocation, and comprehensive performance monitoring. Scalability and compliance processes are managed rigorously and efficiently, with continuous improvement.",
47,Infrastructure for AI ,Query Constraints,"How effectively are query constraints managed in your organization, considering constraint definition, implementation, performance impact, scalability, monitoring, and compliance?","Your organization lacks a formal strategy for implementing query constraints. Efforts to manage and limit queries are informal, leading to potential inefficiencies and inconsistencies in handling large language model (LLM) queries.","Basic query constraint practices are in place, but improvements are needed in defining, implementing, and monitoring constraints. Initial efforts show promise but lack full structure and consistency.","A defined strategy for query constraints exists, with reasonable practices for defining, implementing, and monitoring constraints. Scalability and continuous improvement are managed with reasonable effectiveness, but there are opportunities for enhancement.","Query constraints are well-structured, with strong practices for defining, implementing, and monitoring constraints. Effective scalability and continuous improvement processes are in place, though there may be opportunities for further optimization.","Query constraints are fully optimized, with robust practices for defining, implementing, and monitoring constraints. Scalability and continuous improvement processes are managed rigorously and efficiently, ensuring high accuracy and effectiveness in handling LLM queries.",
48,Infrastructure for AI ,Utilisation Tracking,"How effectively is utilization tracking managed in your organization, considering data collection, analysis, reporting, scalability, monitoring, and continuous improvement?","Your organization lacks a formal utilization tracking strategy. Efforts are managed informally, leading to inconsistent data collection and analysis.","Basic utilization tracking practices are in place, but improvements are needed in data collection, analysis, and reporting. Initial scalability and monitoring efforts show promise but lack full structure.","A defined strategy for utilization tracking exists, with reasonable data collection, analysis, and reporting practices. Scalability, monitoring, and continuous improvement are managed with reasonable effectiveness, but there are opportunities for improvement.","Utilization tracking is well-structured, with strong data collection, analysis, and reporting practices. Effective scalability, monitoring, and continuous improvement processes are in place, though there may be opportunities for further optimization.","Utilization tracking is fully optimized, with robust data collection, automated analysis, and comprehensive reporting. Scalability, monitoring, and continuous improvement processes are managed rigorously and efficiently, ensuring high accuracy and effectiveness.",
49,Infrastructure for AI ,Cost Management,"How effectively is cost management handled in your organization, considering budgeting, cost tracking, optimization, reporting, scalability, and continuous improvement?","Your organization lacks a formal cost management strategy. Efforts are managed informally, leading to inconsistent budgeting and cost tracking.","Basic cost management practices are in place, but improvements are needed in budgeting, cost tracking, and optimization. Initial reporting and scalability efforts show promise but lack full structure.","A defined strategy for cost management exists, with reasonable budgeting, cost tracking, and optimization practices. Reporting, scalability, and continuous improvement are managed with reasonable effectiveness, but there are opportunities for improvement.","Cost management is well-structured, with strong budgeting, cost tracking, and optimization practices. Effective reporting, scalability, and continuous improvement processes are in place, though there may be opportunities for further optimization.","Cost management is fully optimized, with robust budgeting, automated cost tracking, and comprehensive optimization. Reporting, scalability, and continuous improvement processes are managed rigorously and efficiently, ensuring high accuracy and effectiveness.",
50,Infrastructure for AI ,Security and Compliance,"How effectively are security and compliance managed in your organization, considering risk assessment, policy enforcement, monitoring, incident response, scalability, and continuous improvement?","Your organization lacks a formal security and compliance strategy. Efforts are managed informally, leading to inconsistent risk assessment and policy enforcement.","Basic security and compliance practices are in place, but improvements are needed in risk assessment, policy enforcement, and monitoring. Initial incident response and scalability efforts show promise but lack full structure.","A defined strategy for security and compliance exists, with reasonable risk assessment, policy enforcement, and monitoring practices. Incident response, scalability, and continuous improvement are managed with reasonable effectiveness, but there are opportunities for improvement.","Security and compliance are well-structured, with strong risk assessment, policy enforcement, and monitoring practices. Effective incident response, scalability, and continuous improvement processes are in place, though there may be opportunities for further optimization.","Security and compliance are fully optimized, with robust risk assessment, automated policy enforcement, and comprehensive monitoring. Incident response, scalability, and continuous improvement processes are managed rigorously and efficiently, ensuring high accuracy and effectiveness.",
51,Infrastructure for AI ,Scalability Planning,"How effectively is scalability planning managed in your organization, considering capacity forecasting, resource allocation, performance monitoring, automation, cost management, and continuous improvement?","Your organization lacks a formal scalability planning strategy. Efforts are managed informally, leading to inconsistent capacity forecasting and resource allocation.","Basic scalability planning practices are in place, but improvements are needed in capacity forecasting, resource allocation, and performance monitoring. Initial automation and cost management efforts show promise but lack full structure.","A defined strategy for scalability planning exists, with reasonable capacity forecasting, resource allocation, and performance monitoring practices. Automation, cost management, and continuous improvement are managed with reasonable effectiveness, but there are opportunities for improvement.","Scalability planning is well-structured, with strong capacity forecasting, resource allocation, and performance monitoring practices. Effective automation, cost management, and continuous improvement processes are in place, though there may be opportunities for further optimization.","Scalability planning is fully optimized, with robust capacity forecasting, automated resource allocation, and comprehensive performance monitoring. Automation, cost management, and continuous improvement processes are managed rigorously and efficiently, ensuring high accuracy and effectiveness.",
52,Infrastructure for AI ,Continuous Learning,"How effectively is continuous learning managed in your organization using Azure OpenAI, considering aspects such as ongoing model retraining, incorporating new data, improving model performance over time, and ensuring adaptability to changing requirements?","Continuous learning using Azure OpenAI is informal, leading to inconsistent strategy and data integration. Model adaptation, performance monitoring, and feedback loops are minimal.","Basic continuous learning practices using Azure OpenAI are in place, but improvements are needed in strategy, data integration, and model adaptation. Initial performance monitoring and feedback efforts show promise but lack full structure.","A defined strategy for continuous learning using Azure OpenAI exists, with reasonable data integration and model adaptation practices. Performance monitoring, feedback loops, and automation are managed effectively but have room for improvement.","Continuous learning using Azure OpenAI is well-structured, with strong strategy, data integration, and model adaptation practices. Effective performance monitoring, feedback loops, and automation processes are in place, though there may be opportunities for further optimization.","Continuous learning using Azure OpenAI is fully optimized, with robust strategy, data integration, and model adaptation practices. Advanced performance monitoring, feedback loops, and automation processes ensure high efficiency and continuous improvement.",
53,Infrastructure for AI ,Agentic AI,"How effectively is Agentic AI managed in your organization using Azure OpenAI, considering aspects such as the development, deployment, and orchestration of autonomous AI agents, their ability to solve complex, multi-step problems, and their integration with various tools and data sources?","Agentic AI management is informal, leading to inconsistent development, deployment, and orchestration of autonomous AI agents. Their ability to solve complex, multi-step problems and integration with various tools and data sources is minimal.","Basic Agentic AI practices are in place, but improvements are needed in the development, deployment, and orchestration of autonomous AI agents. Initial efforts to solve complex, multi-step problems and integrate with various tools and data sources show promise but lack full structure.","A defined strategy for Agentic AI management exists, with reasonable development, deployment, and orchestration of autonomous AI agents. Their ability to solve complex, multi-step problems and integration with various tools and data sources is managed effectively but has room for improvement.","Agentic AI management is well-structured, with strong development, deployment, and orchestration of autonomous AI agents. Effective practices for solving complex, multi-step problems and integrating with various tools and data sources are in place, though there may be opportunities for further optimization.","Agentic AI management is fully optimized, with robust development, deployment, and orchestration of autonomous AI agents. Advanced practices for solving complex, multi-step problems and integrating with various tools and data sources ensure high efficiency and continuous improvement.",
54,Infrastructure for AI ,AI Lifecycle Management,"How effectively is AI lifecycle management handled in your organization, considering model development, deployment, monitoring, versioning, scalability, governance, security, and collaboration?","Your organization lacks a formal AI lifecycle management strategy. AI lifecycle processes are managed informally, leading to inconsistent development, deployment, and monitoring practices.","Your organization has basic AI lifecycle management practices but lacks full structure and automation. Initial efforts are in place, but improvements are needed in model development, deployment, and monitoring.","Your organization has a defined strategy for AI lifecycle management with some measures for model development, deployment, and monitoring. AI lifecycle processes are managed with reasonable effectiveness, but there are opportunities for improvement in versioning, scalability, and governance.","Your organization has a well-defined and structured AI lifecycle management strategy with effective model development, deployment, and monitoring. Systems are managed effectively, but there may be room for optimization in security and collaboration.","Your organization has fully optimized AI lifecycle management processes with robust model development, automated deployment, and comprehensive monitoring. AI lifecycle processes are managed rigorously and efficiently, with excellent versioning, scalability, governance, and collaboration practices.",
55,Infrastructure for AI ,AI Performance Optimization,"How effectively is AI performance optimization managed in your organization, considering model tuning, resource utilization, scalability, hyperparameter optimization, monitoring, evaluation metrics, and automation?","Your organization lacks a formal AI performance optimization strategy. Optimization efforts are managed informally, leading to inconsistent model tuning and resource utilization.","Your organization has basic AI performance optimization practices but lacks full structure and automation. Initial efforts are in place, but improvements are needed in model tuning, resource utilization, and scalability.","Your organization has a defined strategy for AI performance optimization with some measures for model tuning, resource utilization, and scalability. Optimization processes are managed with reasonable effectiveness, but there are opportunities for improvement in hyperparameter optimization and monitoring.","Your organization has a well-defined and structured AI performance optimization strategy with effective model tuning, resource utilization, and scalability. Systems are managed effectively, but there may be room for optimization in evaluation metrics and automation.","Your organization has fully optimized AI performance optimization processes with robust model tuning, automated resource utilization, and comprehensive scalability. Optimization processes are managed rigorously and efficiently, with excellent hyperparameter optimization, monitoring, and evaluation metrics.",
56,Model Management,Exploratory Data Analysis,"How effective is your organization's exploratory data analysis (EDA) in terms of data preparation, analysis techniques, communication, automation, and documentation?","Your organization lacks a formal EDA strategy. Data preparation and analysis techniques are managed informally, leading to inconsistent insights and potential inefficiencies.","Your organization has basic EDA practices but lacks full structure and automation. Initial efforts are in place, but improvements are needed in data preparation, analysis techniques, and communication.","Your organization has a defined strategy for EDA with some measures for data preparation, analysis techniques, and communication. EDA processes are managed with reasonable effectiveness, but there are opportunities for improvement in automation and documentation.","Your organization has a well-defined and structured EDA strategy with effective data preparation, analysis techniques, and communication. Systems are managed effectively, but there may be room for optimization in automation and documentation.","Your organization has fully optimized EDA processes with robust data preparation, automated analysis techniques, and comprehensive communication. EDA processes are managed rigorously and efficiently, with excellent documentation practices.",
57,Model Management,Synthetic Data Generation,"How effectively is synthetic data generated and used in your organization, considering its quality, use cases, security, integration, and feedback processes?","Synthetic data lacks accuracy in reflecting real-world data characteristics, limiting its usefulness. Usage is sporadic, with minimal security measures and challenging integration. Feedback loops for improvement are minimal.","Efforts improve synthetic data accuracy, but inconsistencies remain. Usage expands, with basic security measures and ongoing integration challenges. Limited feedback mechanisms exist for iterative improvement.","Synthetic data accurately reflects real-world data, supporting diverse applications. Strong security measures and well-managed integration are in place. Structured feedback processes continuously improve data generation methods.","Synthetic data closely mimics real-world data, enhancing utility in complex models. It is securely used across applications, with seamless integration and continuous feedback loops driving improvements.","AI-driven synthetic data generation ensures unparalleled accuracy and relevance. It is fully integrated into operations, with state-of-the-art security and continuous feedback mechanisms driving ongoing optimization and innovation.",
58,Model Management,Feature Exploration,"How effectively are features explored and selected in your organization's data analysis and modeling processes, considering exploration, selection criteria, alignment with business objectives, automation, and validation?","Feature exploration and selection are informal, leading to inconsistent relevance and quality. Alignment with business objectives is weak, and automation and validation processes are minimal.","Basic feature exploration and selection practices are in place, but improvements are needed in alignment with business objectives, automation, and validation. Initial efforts show promise but lack full structure.","A defined strategy for feature exploration and selection exists, with reasonable alignment to business objectives. Automation and validation processes are implemented but have room for improvement.","Feature exploration and selection are well-structured, with strong alignment to business objectives. Effective automation and validation processes are in place, though there may be opportunities for further optimization.","Feature exploration and selection are fully optimized, with robust alignment to business objectives. Advanced automation and validation processes ensure high-quality, relevant features, continuously refined through feedback loops.",
59,Model Management,ML Pipelines,"How effectively are ML pipelines built and managed in your organization using Azure OpenAI, considering aspects such as pipeline design, implementation, monitoring, automation, and collaboration?","ML pipeline design and management are informal, leading to inconsistent implementation and monitoring. Automation and collaboration are minimal.","Basic ML pipeline practices are in place, but improvements are needed in design, implementation, and monitoring. Initial automation and collaboration efforts show promise but lack full structure.","A defined strategy for ML pipeline design and management exists, with reasonable implementation and monitoring practices. Automation and collaboration are managed effectively but have room for improvement.","ML pipeline design and management are well-structured, with strong implementation and monitoring practices. Effective automation and collaboration processes are in place, though there may be opportunities for further optimization.","ML pipeline design and management are fully optimized, with robust implementation and monitoring practices. Advanced automation and collaboration processes ensure high efficiency and continuous improvement.",
60,Model Management,Feature Management,"How effectively is feature management handled in your organization using Azure OpenAI, considering aspects such as feature selection, engineering, validation, and collaboration?","Feature management is informal, leading to inconsistent identification, engineering, and storage. Automation and collaboration are minimal.","Basic feature management practices are in place, but improvements are needed in identification, engineering, and storage. Initial automation and collaboration efforts show promise but lack full structure.","A defined strategy for feature management exists, with reasonable identification, engineering, and storage practices. Automation and collaboration are managed effectively but have room for improvement.","Feature management is well-structured, with strong identification, engineering, and storage practices. Effective automation and collaboration processes are in place, though there may be opportunities for further optimization.","Feature management is fully optimized, with robust identification, engineering, and storage practices. Advanced automation and collaboration processes ensure high efficiency and continuous improvement.",
61,Model Management,Model Engineering,"How effectively is model engineering conducted in your organization using Azure OpenAI, considering aspects such as model development, optimization, fine-tuning, and collaboration?","Model engineering is informal, leading to inconsistent development, deployment, and monitoring. Tool utilization and collaboration are minimal.","Basic model engineering practices are in place, but improvements are needed in development, deployment, and monitoring. Initial tool utilization and collaboration efforts show promise but lack full structure.","A defined strategy for model engineering exists, with reasonable development, deployment, and monitoring practices. Tool utilization and collaboration are managed effectively but have room for improvement.","Model engineering is well-structured, with strong development, deployment, and monitoring practices. Effective tool utilization and collaboration processes are in place, though there may be opportunities for further optimization.","Model engineering is fully optimized, with robust development, deployment, and monitoring practices. Advanced tool utilization and collaboration processes ensure high efficiency and continuous improvement.",
62,Model Management,Model Selection,"How effectively is model selection conducted in your organization using Azure OpenAI, considering aspects such as choosing the appropriate model architecture, evaluating pre-trained models, and aligning models with specific use cases?",Model selection is ad hoc. There is limited understanding of how to choose appropriate models or evaluate pre-trained options. Decisions are often based on convenience or familiarity rather than fit for purpose.,"The organization is developing basic criteria for selecting models. Some evaluation of model architectures and pre-trained options is conducted, but processes are informal and inconsistent.","Model selection is guided by defined criteria. Teams consider architecture, performance, and alignment with use cases. Pre-trained models are evaluated, but reuse and benchmarking practices are still maturing.",Model selection is systematic and data-driven. Teams compare multiple architectures and pre-trained models using standardized benchmarks. Selection is aligned with business goals and technical constraints.,"Model selection is a strategic capability. The organization maintains a curated library of evaluated models, including pre-trained and fine-tuned options. Selection is automated where possible and tightly integrated with MLOps and governance processes.",
63,Model Management,Model Deployment,"How effectively is model deployment managed in your organization using Azure OpenAI, considering aspects such as seamless integration, deployment strategies, monitoring, and ensuring model performance in production environments?","Model deployment is informal, leading to inconsistent implementation and monitoring. Automation, scalability, security, and documentation practices are minimal.","Basic model deployment practices are in place, but improvements are needed in implementation, monitoring, and CI/CD integration. Initial efforts in automation, scalability, security, and documentation show promise but lack full structure.","A defined strategy for model deployment exists, with reasonable implementation, monitoring, and CI/CD integration practices. Automation, scalability, security, and documentation are managed effectively but have room for improvement.","Model deployment is well-structured, with strong implementation, monitoring, and CI/CD integration practices. Effective automation, scalability, security, and documentation processes are in place, though there may be opportunities for further optimization.","Model deployment is fully optimized, with robust implementation, monitoring, and CI/CD integration practices. Advanced automation, scalability, security, and documentation processes ensure high efficiency and continuous improvement.",
64,Model Management,Release Pipelines,"How effectively are release pipelines managed in your organization using Azure OpenAI, considering aspects such as automation, continuous integration and deployment (CI/CD) practices, monitoring, and ensuring smooth model updates and releases?","Release pipeline implementation is informal, leading to inconsistent definition and automation. Testing, monitoring, and rollback practices are minimal.","Basic release pipeline practices are in place, but improvements are needed in definition, automation, and CI/CD integration. Initial testing and monitoring efforts show promise but lack full structure.","A defined strategy for release pipeline implementation exists, with reasonable automation and CI/CD integration. Testing, monitoring, and rollback practices are managed effectively but have room for improvement.","Release pipeline implementation is well-structured, with strong definition, automation, and CI/CD integration. Effective testing, monitoring, and rollback processes are in place, though there may be opportunities for further optimization.","Release pipeline implementation is fully optimized, with robust definition, automation, and CI/CD integration. Advanced testing, monitoring, and rollback processes ensure high efficiency and continuous improvement.",
65,Model Management,Model Flighting,"How effectively is model flighting managed in your organization using Azure OpenAI, considering aspects such as conducting controlled experiments, A/B testing, evaluating model performance, and iterating based on feedback?",Model flighting is not practiced. Models are deployed directly to production without controlled testing or performance comparison.,"Basic experimentation is conducted (e.g., manual A/B tests), but processes are informal and lack consistent monitoring or rollback strategies.","Controlled experiments are used for some deployments. A/B testing and performance evaluation are in place, but feedback loops and automation are limited.","Model flighting is systematic. A/B testing, canary releases, and shadow deployments are supported by automated monitoring and rollback mechanisms.","Model flighting is a core capability. Experiments are continuously run, monitored, and optimized. Feedback is integrated into model iteration, and flighting is embedded in CI/CD pipelines.",
66,Model Management,Model Release,"How effectively is model release managed in your organization using Azure OpenAI, considering aspects such as ensuring all necessary checks and validations, coordinating formal releases, monitoring post-release performance, and managing version control?","Model release is informal, leading to inconsistent strategy and deployment automation. Validation, monitoring, and rollback practices are minimal.","Basic release processes exist but are inconsistently applied. Some manual validations are performed, and versioning is ad hoc. Monitoring is reactive, and rollback is possible but not rehearsed.","Model release follows a documented process with standardized validations and version control. Releases are coordinated with stakeholders, and basic monitoring is in place. Rollback procedures are defined but not automated.","Model release is governed by automated pipelines with enforced validations, structured approvals, and consistent versioning. Monitoring includes real-time alerts, and rollback is automated and tested periodically.","Model release is fully automated, policy-driven, and integrated with continuous validation and observability. Releases are risk-assessed, monitored with predictive analytics, and supported by self-healing and rollback mechanisms. Feedback loops continuously improve the process.",
67,Model Management,Inference Scaling,"How effectively is inference scaling managed in your organization using Azure OpenAI, considering aspects such as optimizing scalability, handling high-volume inference requests, ensuring low latency, and maintaining performance under varying loads?","Inference scaling is informal, leading to inconsistent strategy and resource allocation. Performance monitoring, scalability, and cost management practices are minimal.","Basic inference scaling practices are in place, but improvements are needed in strategy, resource allocation, and performance monitoring. Initial scalability and cost management efforts show promise but lack full structure.","A defined strategy for inference scaling exists, with reasonable resource allocation and performance monitoring practices. Scalability, cost management, and documentation are managed effectively but have room for improvement.","Inference scaling is well-structured, with strong strategy, resource allocation, and performance monitoring practices. Effective scalability, cost management, and documentation processes are in place, though there may be opportunities for further optimization.","Inference scaling is fully optimized, with robust strategy, resource allocation, and performance monitoring practices. Advanced scalability, cost management, and documentation processes ensure high efficiency and continuous improvement.",
68,Model Management,Inference Management,"How effectively is inference management handled in your organization using Azure OpenAI, considering aspects such as monitoring inference performance, maintaining service availability, managing operational aspects, and ensuring efficient resource utilization?","Inference management is reactive and fragmented. Monitoring is minimal, service availability is inconsistent, and resource usage is often inefficient. Operational practices are undocumented.","Basic monitoring tools are in place, and service uptime is tracked manually. Some operational workflows exist, but resource allocation is static and not optimized for demand.","Inference performance is monitored with standard metrics. Service availability is managed through scheduled scaling. Operational processes are documented, and resource usage is reviewed periodically.","Real-time monitoring and alerting are integrated. Auto-scaling policies are in place to handle variable loads. Operational workflows are automated, and resource utilization is optimized for cost and performance.",Inference management is predictive and self-adjusting. Performance is continuously tuned using telemetry. High availability is ensured through redundancy and failover strategies. Resource usage is dynamically optimized across environments.,
69,Model Management,Model Interpretability,"How effectively is model interpretability managed in your organization, considering aspects such as explaining model predictions, ensuring transparency, providing insights into model behavior, and enhancing trust in AI systems?","Your organization lacks a formal model interpretability strategy. Interpretability is managed informally, leading to inconsistent transparency and potential biases.","Your organization has basic interpretability practices but lacks full structure and automation. Initial efforts are in place, but improvements are needed in transparency, explainability, and bias detection.","Your organization has a defined strategy for model interpretability with some transparency, explainability, and bias detection measures. Interpretability is managed with reasonable effectiveness, but there are opportunities for improvement in monitoring and communication.","Your organization has a well-defined and structured interpretability strategy with effective transparency, explainability, and bias detection. Systems are managed effectively, but there may be room for optimization in tools and stakeholder communication.","Your organization has fully optimized interpretability processes with robust transparency, automated explainability, and comprehensive bias detection. Interpretability is managed rigorously and efficiently, with excellent documentation and communication practices.",
70,Model Management,Model Fine-Tuning,"How effectively is fine-tuning managed in your organization using Azure OpenAI, considering aspects such as customizing pre-trained models, optimizing model performance for specific tasks, incorporating domain-specific data, and ensuring continuous improvement?","Fine-tuning is informal, leading to inconsistent customization and optimization of pre-trained models. Domain-specific data incorporation and continuous improvement practices are minimal.","Basic fine-tuning practices are in place, but improvements are needed in customizing pre-trained models, optimizing performance for specific tasks, and incorporating domain-specific data. Initial efforts in continuous improvement show promise but lack full structure.","A defined strategy for fine-tuning exists, with reasonable customization of pre-trained models, optimization for specific tasks, and incorporation of domain-specific data. Continuous improvement practices are managed effectively but have room for enhancement.","Fine-tuning is well-structured, with strong customization of pre-trained models, optimization for specific tasks, and incorporation of domain-specific data. Effective continuous improvement processes are in place, though there may be opportunities for further optimization.","Fine-tuning is fully optimized, with robust customization of pre-trained models, optimization for specific tasks, and incorporation of domain-specific data. Advanced continuous improvement processes ensure high efficiency and ongoing enhancement.",
71,Model Management,Model Monitoring,"How effectively is monitoring managed in your organization using Azure OpenAI, considering aspects such as tracking model usage, performance metrics, token statistics, and ensuring the reliability and availability of AI services?","Monitoring is informal, leading to inconsistent tracking of model usage, performance metrics, and token statistics. Practices for ensuring the reliability and availability of AI services are minimal.","Basic monitoring practices are in place, but improvements are needed in tracking model usage, performance metrics, and token statistics. Initial efforts to ensure reliability and availability show promise but lack full structure.","A defined strategy for monitoring exists, with reasonable tracking of model usage, performance metrics, and token statistics. Practices for ensuring the reliability and availability of AI services are managed effectively but have room for improvement.","Monitoring is well-structured, with strong tracking of model usage, performance metrics, and token statistics. Effective practices for ensuring the reliability and availability of AI services are in place, though there may be opportunities for further optimization.","Monitoring is fully optimized, with robust tracking of model usage, performance metrics, and token statistics. Advanced practices for ensuring the reliability and availability of AI services ensure high efficiency and continuous improvement.",
72,Model Management,Model Monitoring,"How effectively is monitoring managed in your organization using Azure OpenAI, considering aspects such as tracking model usage, performance metrics, token statistics, and ensuring the reliability and availability of AI services?","Monitoring is informal, leading to inconsistent tracking of model usage, performance metrics, and token statistics. Practices for ensuring the reliability and availability of AI services are minimal.","Basic monitoring practices are in place, but improvements are needed in tracking model usage, performance metrics, and token statistics. Initial efforts to ensure reliability and availability show promise but lack full structure.","A defined strategy for monitoring exists, with reasonable tracking of model usage, performance metrics, and token statistics. Practices for ensuring the reliability and availability of AI services are managed effectively but have room for improvement.","Monitoring is well-structured, with strong tracking of model usage, performance metrics, and token statistics. Effective practices for ensuring the reliability and availability of AI services are in place, though there may be opportunities for further optimization.","Monitoring is fully optimized, with robust tracking of model usage, performance metrics, and token statistics. Advanced practices for ensuring the reliability and availability of AI services ensure high efficiency and continuous improvement.",